"var","rel.inf"
"models",1.37323328182508
"job",1.51965430019951
"people",1.83621278642018
"us",1.87794732466724
"across",2.03505864862119
"business",2.46765502403455
"product",2.47861663776736
"teams",2.51176499510225
"role",2.54135120180631
"services",2.57341810786268
"software",2.66929637030268
"systems",2.95855165744792
"development",3.46906615861946
"state",4.06227098191702
"required",4.09821202323071
"research",4.34100273762825
"plan",4.55135581231684
"information",7.2910288543388
"engineering",9.492820733567
"formatted_experience_level",21.0847745536466
